Date Time,Open,High,Low,Close,Volume,Dividends,Stock Splits
2025-06-11 09:30:00,10.4399995803833,10.5,10.261199951171875,10.329899787902832,1874195.0,0.0,0.0
2025-06-11 09:35:00,10.34000015258789,10.405200004577637,10.3100004196167,10.369500160217285,622857.0,0.0,0.0
2025-06-11 09:40:00,10.359999656677246,10.4399995803833,10.359999656677246,10.385000228881836,573562.0,0.0,0.0
2025-06-11 09:45:00,10.379300117492676,10.428000450134277,10.300000190734863,10.428000450134277,534388.0,0.0,0.0
2025-06-11 09:50:00,10.430000305175781,10.460000038146973,10.390000343322754,10.40999984741211,510427.0,0.0,0.0
2025-06-11 09:55:00,10.414999961853027,10.4399995803833,10.359999656677246,10.395000457763672,486793.0,0.0,0.0
2025-06-11 10:00:00,10.399999618530273,10.479999542236328,10.38010025024414,10.4350004196167,553225.0,0.0,0.0
2025-06-11 10:05:00,10.4350004196167,10.510000228881836,10.430899620056152,10.494999885559082,545176.0,0.0,0.0
2025-06-11 10:10:00,10.494999885559082,10.505000114440918,10.449999809265137,10.499600410461426,402349.0,0.0,0.0
2025-06-11 10:15:00,10.494999885559082,10.5649995803833,10.494999885559082,10.5649995803833,338128.0,0.0,0.0
2025-06-11 10:20:00,10.569899559020996,10.654999732971191,10.529999732971191,10.640000343322754,885126.0,0.0,0.0
2025-06-11 10:25:00,10.649999618530273,10.670000076293945,10.619999885559082,10.640700340270996,462486.0,0.0,0.0
2025-06-11 10:30:00,10.640000343322754,10.675000190734863,10.600000381469727,10.664999961853027,594355.0,0.0,0.0
2025-06-11 10:35:00,10.669899940490723,10.669899940490723,10.574999809265137,10.590999603271484,609355.0,0.0,0.0
2025-06-11 10:40:00,10.595000267028809,10.60990047454834,10.539999961853027,10.574999809265137,564514.0,0.0,0.0
2025-06-11 10:45:00,10.579999923706055,10.619999885559082,10.550000190734863,10.585000038146973,671839.0,0.0,0.0
2025-06-11 10:50:00,10.580100059509277,10.619999885559082,10.569999694824219,10.611800193786621,365585.0,0.0,0.0
2025-06-11 10:55:00,10.589500427246094,10.59000015258789,10.579999923706055,10.585000038146973,710242.0,0.0,0.0
2025-06-11 11:00:00,10.616299629211426,10.649999618530273,10.609999656677246,10.649800300598145,340960.0,0.0,0.0
2025-06-11 11:05:00,10.640700340270996,10.65880012512207,10.630000114440918,10.641500473022461,211319.0,0.0,0.0
2025-06-11 11:10:00,10.595199584960938,10.629899978637695,10.59000015258789,10.595000267028809,748893.0,0.0,0.0
2025-06-11 11:15:00,10.611100196838379,10.640000343322754,10.600000381469727,10.619999885559082,492808.0,0.0,0.0
2025-06-11 11:20:00,10.625,10.680000305175781,10.619999885559082,10.680000305175781,387904.0,0.0,0.0
2025-06-11 11:25:00,10.664999961853027,10.729999542236328,10.664799690246582,10.729999542236328,600011.0,0.0,0.0
2025-06-11 11:30:00,10.725000381469727,10.765000343322754,10.725000381469727,10.760000228881836,1077668.0,0.0,0.0
2025-06-11 11:35:00,10.75,10.789999961853027,10.704999923706055,10.713800430297852,545838.0,0.0,0.0
2025-06-11 11:40:00,10.710000038146973,10.729999542236328,10.670000076293945,10.686100006103516,570093.0,0.0,0.0
2025-06-11 11:45:00,10.689900398254395,10.729999542236328,10.680000305175781,10.71500015258789,524704.0,0.0,0.0
2025-06-11 11:50:00,10.720000267028809,10.759900093078613,10.710000038146973,10.748299598693848,413931.0,0.0,0.0
2025-06-11 11:55:00,10.739999771118164,10.760000228881836,10.720000267028809,10.744999885559082,323451.0,0.0,0.0
2025-06-11 12:00:00,10.739999771118164,10.759900093078613,10.720000267028809,10.73009967803955,396456.0,0.0,0.0
2025-06-11 12:05:00,10.734999656677246,10.734999656677246,10.6899995803833,10.71500015258789,326200.0,0.0,0.0
2025-06-11 12:10:00,10.71500015258789,10.718000411987305,10.649999618530273,10.6899995803833,451550.0,0.0,0.0
2025-06-11 12:15:00,10.694999694824219,10.71500015258789,10.670000076293945,10.696499824523926,448286.0,0.0,0.0
2025-06-11 12:20:00,10.693499565124512,10.696100234985352,10.649999618530273,10.675000190734863,284062.0,0.0,0.0
2025-06-11 12:25:00,10.67020034790039,10.770000457763672,10.65999984741211,10.75,545676.0,0.0,0.0
2025-06-11 12:30:00,10.755200386047363,10.760000228881836,10.710000038146973,10.719900131225586,209538.0,0.0,0.0
2025-06-11 12:35:00,10.71500015258789,10.725000381469727,10.699999809265137,10.712200164794922,245980.0,0.0,0.0
2025-06-11 12:40:00,10.714599609375,10.729999542236328,10.680100440979004,10.680100440979004,137737.0,0.0,0.0
2025-06-11 12:45:00,10.6850004196167,10.70930004119873,10.645000457763672,10.699999809265137,314094.0,0.0,0.0
2025-06-11 12:50:00,10.704999923706055,10.739999771118164,10.70199966430664,10.711400032043457,200879.0,0.0,0.0
2025-06-11 12:55:00,10.704500198364258,10.720000267028809,10.699999809265137,10.71150016784668,140599.0,0.0,0.0
2025-06-11 13:00:00,10.712400436401367,10.744999885559082,10.710000038146973,10.724599838256836,220083.0,0.0,0.0
2025-06-11 13:05:00,10.720000267028809,10.740699768066406,10.700200080871582,10.734999656677246,155892.0,0.0,0.0
2025-06-11 13:10:00,10.738200187683105,10.770000457763672,10.729999542236328,10.765000343322754,224767.0,0.0,0.0
2025-06-11 13:15:00,10.765000343322754,10.819999694824219,10.765000343322754,10.8149995803833,602173.0,0.0,0.0
2025-06-11 13:20:00,10.8149995803833,10.819999694824219,10.789999961853027,10.805000305175781,234040.0,0.0,0.0
2025-06-11 13:25:00,10.808500289916992,10.84000015258789,10.803400039672852,10.835000038146973,286191.0,0.0,0.0
2025-06-11 13:30:00,10.837499618530273,10.869999885559082,10.812399864196777,10.845000267028809,630586.0,0.0,0.0
2025-06-11 13:35:00,10.850000381469727,10.857199668884277,10.8100004196167,10.8149995803833,151243.0,0.0,0.0
2025-06-11 13:40:00,10.8149995803833,10.839799880981445,10.789999961853027,10.805000305175781,403930.0,0.0,0.0
2025-06-11 13:45:00,10.805000305175781,10.8100004196167,10.720000267028809,10.720000267028809,749999.0,0.0,0.0
2025-06-11 13:50:00,10.720000267028809,10.729999542236328,10.6850004196167,10.70009994506836,536935.0,0.0,0.0
2025-06-11 13:55:00,10.704999923706055,10.71500015258789,10.61139965057373,10.618900299072266,483632.0,0.0,0.0
2025-06-11 14:00:00,10.609999656677246,10.627699851989746,10.460000038146973,10.48009967803955,1055192.0,0.0,0.0
2025-06-11 14:05:00,10.488100051879883,10.587499618530273,10.481800079345703,10.571100234985352,980783.0,0.0,0.0
2025-06-11 14:10:00,10.574999809265137,10.574999809265137,10.460000038146973,10.460000038146973,742371.0,0.0,0.0
2025-06-11 14:15:00,10.4621000289917,10.470000267028809,10.399999618530273,10.4350004196167,667932.0,0.0,0.0
2025-06-11 14:20:00,10.4350004196167,10.520000457763672,10.4350004196167,10.509900093078613,533645.0,0.0,0.0
2025-06-11 14:25:00,10.5024995803833,10.520000457763672,10.425000190734863,10.440600395202637,457870.0,0.0,0.0
2025-06-11 14:30:00,10.4399995803833,10.5,10.420000076293945,10.496899604797363,722610.0,0.0,0.0
2025-06-11 14:35:00,10.479999542236328,10.529999732971191,10.475000381469727,10.515000343322754,480360.0,0.0,0.0
2025-06-11 14:40:00,10.515000343322754,10.539999961853027,10.494999885559082,10.53499984741211,269915.0,0.0,0.0
2025-06-11 14:45:00,10.539999961853027,10.574999809265137,10.529999732971191,10.574999809265137,165929.0,0.0,0.0
2025-06-11 14:50:00,10.574999809265137,10.640000343322754,10.5600004196167,10.636500358581543,408929.0,0.0,0.0
2025-06-11 14:55:00,10.635000228881836,10.635000228881836,10.579999923706055,10.609999656677246,337356.0,0.0,0.0
2025-06-11 15:00:00,10.604999542236328,10.640000343322754,10.594599723815918,10.594599723815918,317809.0,0.0,0.0
2025-06-11 15:05:00,10.590100288391113,10.65999984741211,10.574999809265137,10.658900260925293,299870.0,0.0,0.0
2025-06-11 15:10:00,10.654999732971191,10.65999984741211,10.630000114440918,10.654999732971191,326967.0,0.0,0.0
2025-06-11 15:15:00,10.654999732971191,10.670000076293945,10.619999885559082,10.620800018310547,428044.0,0.0,0.0
2025-06-11 15:20:00,10.620100021362305,10.65999984741211,10.619999885559082,10.654999732971191,290565.0,0.0,0.0
2025-06-11 15:25:00,10.657999992370605,10.699999809265137,10.635000228881836,10.635000228881836,621353.0,0.0,0.0
2025-06-11 15:30:00,10.63070011138916,10.649999618530273,10.59000015258789,10.595000267028809,666071.0,0.0,0.0
2025-06-11 15:35:00,10.600000381469727,10.609999656677246,10.5600004196167,10.560099601745605,327976.0,0.0,0.0
2025-06-11 15:40:00,10.56659984588623,10.600000381469727,10.542699813842773,10.585000038146973,320224.0,0.0,0.0
2025-06-11 15:45:00,10.59000015258789,10.596500396728516,10.515000343322754,10.515000343322754,636908.0,0.0,0.0
2025-06-11 15:50:00,10.515000343322754,10.569999694824219,10.489999771118164,10.56350040435791,983378.0,0.0,0.0
2025-06-11 15:55:00,10.529999732971191,10.5600004196167,10.52299976348877,10.550000190734863,1383506.0,0.0,0.0
2025-06-12 09:30:00,10.229999542236328,10.239999771118164,10.125,10.194999694824219,1317864.0,0.0,0.0
2025-06-12 09:35:00,10.149999618530273,10.260000228881836,10.140000343322754,10.234999656677246,744693.0,0.0,0.0
2025-06-12 09:40:00,10.239899635314941,10.300000190734863,10.225000381469727,10.265000343322754,450521.0,0.0,0.0
2025-06-12 09:45:00,10.260000228881836,10.260000228881836,10.170100212097168,10.194999694824219,512663.0,0.0,0.0
2025-06-12 09:50:00,10.1899995803833,10.270000457763672,10.180000305175781,10.234999656677246,437972.0,0.0,0.0
2025-06-12 09:55:00,10.234999656677246,10.274999618530273,10.204999923706055,10.225000381469727,237589.0,0.0,0.0
2025-06-12 10:00:00,10.229999542236328,10.550000190734863,10.210000038146973,10.220000267028809,377822.0,0.0,0.0
2025-06-12 10:05:00,10.550000190734863,10.550000190734863,10.228899955749512,10.319999694824219,507920.0,0.0,0.0
2025-06-12 10:10:00,10.329700469970703,10.399999618530273,10.300000190734863,10.380000114440918,740616.0,0.0,0.0
2025-06-12 10:15:00,10.375,10.479999542236328,10.329999923706055,10.468299865722656,692604.0,0.0,0.0
2025-06-12 10:20:00,10.460000038146973,10.470000267028809,10.380000114440918,10.414999961853027,628801.0,0.0,0.0
2025-06-12 10:25:00,10.420000076293945,10.430000305175781,10.385000228881836,10.390000343322754,379850.0,0.0,0.0
2025-06-12 10:30:00,10.395000457763672,10.4399995803833,10.380000114440918,10.404999732971191,450704.0,0.0,0.0
2025-06-12 10:35:00,10.404999732971191,10.430000305175781,10.399999618530273,10.420000076293945,301971.0,0.0,0.0
2025-06-12 10:40:00,10.425000190734863,10.460000038146973,10.399999618530273,10.444999694824219,240163.0,0.0,0.0
2025-06-12 10:45:00,10.444999694824219,10.460000038146973,10.420100212097168,10.444999694824219,257498.0,0.0,0.0
2025-06-12 10:50:00,10.4399995803833,10.470000267028809,10.410200119018555,10.420000076293945,247397.0,0.0,0.0
2025-06-12 10:55:00,10.430000305175781,10.43970012664795,10.390000343322754,10.414999961853027,260891.0,0.0,0.0
2025-06-12 11:00:00,10.414999961853027,10.489999771118164,10.40999984741211,10.449899673461914,357441.0,0.0,0.0
2025-06-12 11:05:00,10.440099716186523,10.489999771118164,10.430100440979004,10.449999809265137,432322.0,0.0,0.0
2025-06-12 11:10:00,10.449999809265137,10.479999542236328,10.425000190734863,10.4350004196167,313532.0,0.0,0.0
2025-06-12 11:15:00,10.430100440979004,10.470000267028809,10.420000076293945,10.425000190734863,229406.0,0.0,0.0
2025-06-12 11:20:00,10.420000076293945,10.4399995803833,10.390000343322754,10.414999961853027,525888.0,0.0,0.0
2025-06-12 11:25:00,10.40999984741211,10.4399995803833,10.359999656677246,10.414999961853027,500684.0,0.0,0.0
2025-06-12 11:30:00,10.414999961853027,10.420000076293945,10.370100021362305,10.400300025939941,300964.0,0.0,0.0
2025-06-12 11:35:00,10.399999618530273,10.430000305175781,10.380000114440918,10.404999732971191,272538.0,0.0,0.0
2025-06-12 11:40:00,10.399999618530273,10.460000038146973,10.395000457763672,10.4399995803833,311495.0,0.0,0.0
2025-06-12 11:45:00,10.430700302124023,10.460000038146973,10.390000343322754,10.399999618530273,398615.0,0.0,0.0
2025-06-12 11:50:00,10.399900436401367,10.404999732971191,10.369999885559082,10.373499870300293,174431.0,0.0,0.0
2025-06-12 11:55:00,10.375,10.399999618530273,10.369999885559082,10.369999885559082,113488.0,0.0,0.0
2025-06-12 12:00:00,10.375,10.395000457763672,10.329999923706055,10.345000267028809,364317.0,0.0,0.0
2025-06-12 12:05:00,10.34000015258789,10.409299850463867,10.34000015258789,10.399999618530273,206684.0,0.0,0.0
2025-06-12 12:10:00,10.399900436401367,10.420000076293945,10.371999740600586,10.378800392150879,267561.0,0.0,0.0
2025-06-12 12:15:00,10.375,10.40999984741211,10.369999885559082,10.385000228881836,373758.0,0.0,0.0
2025-06-12 12:20:00,10.385000228881836,10.4399995803833,10.385000228881836,10.414999961853027,278795.0,0.0,0.0
2025-06-12 12:25:00,10.414999961853027,10.460000038146973,10.40999984741211,10.449199676513672,207379.0,0.0,0.0
2025-06-12 12:30:00,10.444999694824219,10.449899673461914,10.40999984741211,10.420000076293945,117658.0,0.0,0.0
2025-06-12 12:35:00,10.421299934387207,10.4399995803833,10.392200469970703,10.420000076293945,203408.0,0.0,0.0
2025-06-12 12:40:00,10.420000076293945,10.470000267028809,10.420000076293945,10.469900131225586,187175.0,0.0,0.0
2025-06-12 12:45:00,10.470000267028809,10.470000267028809,10.449999809265137,10.454999923706055,105091.0,0.0,0.0
2025-06-12 12:50:00,10.449999809265137,10.450699806213379,10.420000076293945,10.4399995803833,136423.0,0.0,0.0
2025-06-12 12:55:00,10.449999809265137,10.489999771118164,10.449999809265137,10.45009994506836,197577.0,0.0,0.0
2025-06-12 13:00:00,10.444999694824219,10.510000228881836,10.4399995803833,10.498700141906738,343242.0,0.0,0.0
2025-06-12 13:05:00,10.494999885559082,10.510000228881836,10.475000381469727,10.505000114440918,161427.0,0.0,0.0
2025-06-12 13:10:00,10.510000228881836,10.515000343322754,10.479999542236328,10.5,118724.0,0.0,0.0
2025-06-12 13:15:00,10.494999885559082,10.569999694824219,10.493499755859375,10.569999694824219,162063.0,0.0,0.0
2025-06-12 13:20:00,10.5649995803833,10.59000015258789,10.550000190734863,10.585000038146973,193617.0,0.0,0.0
2025-06-12 13:25:00,10.585000038146973,10.635000228881836,10.583100318908691,10.595000267028809,171408.0,0.0,0.0
2025-06-12 13:30:00,10.590999603271484,10.600000381469727,10.569999694824219,10.585000038146973,200541.0,0.0,0.0
2025-06-12 13:35:00,10.585000038146973,10.59000015258789,10.550000190734863,10.574999809265137,184811.0,0.0,0.0
2025-06-12 13:40:00,10.574999809265137,10.585000038146973,10.550000190734863,10.559700012207031,185260.0,0.0,0.0
2025-06-12 13:45:00,10.55459976196289,10.585000038146973,10.55459976196289,10.5649995803833,199817.0,0.0,0.0
2025-06-12 13:50:00,10.5649995803833,10.59000015258789,10.561100006103516,10.569999694824219,133667.0,0.0,0.0
2025-06-12 13:55:00,10.56029987335205,10.5649995803833,10.501999855041504,10.529999732971191,253436.0,0.0,0.0
2025-06-12 14:00:00,10.529999732971191,10.539999961853027,10.479999542236328,10.484999656677246,157337.0,0.0,0.0
2025-06-12 14:05:00,10.484999656677246,10.486599922180176,10.430000305175781,10.430000305175781,230220.0,0.0,0.0
2025-06-12 14:10:00,10.4350004196167,10.460000038146973,10.430000305175781,10.4399995803833,215205.0,0.0,0.0
2025-06-12 14:15:00,10.4399995803833,10.449999809265137,10.390199661254883,10.40999984741211,214032.0,0.0,0.0
2025-06-12 14:20:00,10.40999984741211,10.40999984741211,10.335000038146973,10.345000267028809,262789.0,0.0,0.0
2025-06-12 14:25:00,10.350000381469727,10.350000381469727,10.270000457763672,10.28499984741211,516303.0,0.0,0.0
2025-06-12 14:30:00,10.28320026397705,10.34000015258789,10.279999732971191,10.335000038146973,203668.0,0.0,0.0
2025-06-12 14:35:00,10.335000038146973,10.350000381469727,10.300000190734863,10.335000038146973,184451.0,0.0,0.0
2025-06-12 14:40:00,10.331299781799316,10.331299781799316,10.279999732971191,10.28499984741211,415849.0,0.0,0.0
2025-06-12 14:45:00,10.28499984741211,10.289999961853027,10.234999656677246,10.244999885559082,385822.0,0.0,0.0
2025-06-12 14:50:00,10.239999771118164,10.289999961853027,10.239999771118164,10.289899826049805,179907.0,0.0,0.0
2025-06-12 14:55:00,10.28499984741211,10.3100004196167,10.271300315856934,10.305000305175781,157889.0,0.0,0.0
2025-06-12 15:00:00,10.295000076293945,10.329999923706055,10.289999961853027,10.3149995803833,197638.0,0.0,0.0
2025-06-12 15:05:00,10.3149995803833,10.345000267028809,10.300299644470215,10.305000305175781,241116.0,0.0,0.0
2025-06-12 15:10:00,10.305000305175781,10.319999694824219,10.28499984741211,10.3100004196167,355421.0,0.0,0.0
2025-06-12 15:15:00,10.3149995803833,10.34000015258789,10.3100004196167,10.335000038146973,196441.0,0.0,0.0
2025-06-12 15:20:00,10.339900016784668,10.359999656677246,10.329999923706055,10.359999656677246,267076.0,0.0,0.0
2025-06-12 15:25:00,10.354999542236328,10.359999656677246,10.329999923706055,10.339900016784668,144649.0,0.0,0.0
2025-06-12 15:30:00,10.339900016784668,10.34000015258789,10.3100004196167,10.3149995803833,210023.0,0.0,0.0
2025-06-12 15:35:00,10.3100004196167,10.34000015258789,10.3100004196167,10.320099830627441,142340.0,0.0,0.0
2025-06-12 15:40:00,10.324999809265137,10.34000015258789,10.3100004196167,10.3149995803833,179313.0,0.0,0.0
2025-06-12 15:45:00,10.3149995803833,10.319999694824219,10.289999961853027,10.305000305175781,278698.0,0.0,0.0
2025-06-12 15:50:00,10.300000190734863,10.3100004196167,10.250300407409668,10.250300407409668,586927.0,0.0,0.0
2025-06-12 15:55:00,10.255000114440918,10.270000457763672,10.180000305175781,10.199999809265137,1845510.0,0.0,0.0
2025-06-13 09:30:00,9.930000305175781,10.194999694824219,9.911100387573242,10.140000343322754,2084321.0,0.0,0.0
2025-06-13 09:35:00,10.145000457763672,10.209699630737305,10.114999771118164,10.194999694824219,953082.0,0.0,0.0
2025-06-13 09:40:00,10.1899995803833,10.194999694824219,10.09000015258789,10.154999732971191,635190.0,0.0,0.0
2025-06-13 09:45:00,10.149999618530273,10.154999732971191,10.069999694824219,10.117400169372559,310250.0,0.0,0.0
2025-06-13 09:50:00,10.109999656677246,10.15999984741211,10.084600448608398,10.121199607849121,429154.0,0.0,0.0
2025-06-13 09:55:00,10.128800392150879,10.15839958190918,10.085000038146973,10.09000015258789,448523.0,0.0,0.0
2025-06-13 10:00:00,10.100000381469727,10.154999732971191,10.029999732971191,10.03499984741211,557895.0,0.0,0.0
2025-06-13 10:05:00,10.039799690246582,10.039999961853027,9.975000381469727,9.99899959564209,508459.0,0.0,0.0
2025-06-13 10:10:00,9.96720027923584,9.970000267028809,9.881099700927734,9.890000343322754,480315.0,0.0,0.0
2025-06-13 10:15:00,9.875,9.949999809265137,9.850000381469727,9.860899925231934,570151.0,0.0,0.0
2025-06-13 10:20:00,9.864999771118164,9.885000228881836,9.8149995803833,9.840100288391113,416974.0,0.0,0.0
2025-06-13 10:25:00,9.845000267028809,9.869999885559082,9.789999961853027,9.798399925231934,363336.0,0.0,0.0
2025-06-13 10:30:00,9.8100004196167,9.819999694824219,9.760000228881836,9.808899879455566,518244.0,0.0,0.0
2025-06-13 10:35:00,9.805000305175781,9.880000114440918,9.79010009765625,9.875,538526.0,0.0,0.0
2025-06-13 10:40:00,9.875,9.904999732971191,9.820099830627441,9.86340045928955,430317.0,0.0,0.0
2025-06-13 10:45:00,9.864999771118164,9.875,9.760000228881836,9.779999732971191,593447.0,0.0,0.0
2025-06-13 10:50:00,9.775199890136719,9.819999694824219,9.765000343322754,9.819999694824219,551800.0,0.0,0.0
2025-06-13 10:55:00,9.8149995803833,9.880000114440918,9.8149995803833,9.835000038146973,655952.0,0.0,0.0
2025-06-13 11:00:00,9.83650016784668,9.869999885559082,9.819999694824219,9.827300071716309,600666.0,0.0,0.0
2025-06-13 11:05:00,9.819999694824219,9.895400047302246,9.819999694824219,9.890600204467773,563636.0,0.0,0.0
2025-06-13 11:10:00,9.890000343322754,9.899999618530273,9.84000015258789,9.875,529948.0,0.0,0.0
2025-06-13 11:15:00,9.880000114440918,9.904999732971191,9.859999656677246,9.904800415039062,387907.0,0.0,0.0
2025-06-13 11:20:00,9.90820026397705,9.989999771118164,9.899999618530273,9.944999694824219,740405.0,0.0,0.0
2025-06-13 11:25:00,9.949899673461914,10.009900093078613,9.9399995803833,9.994999885559082,930271.0,0.0,0.0
2025-06-13 11:30:00,9.995100021362305,10.010000228881836,9.970000267028809,9.994999885559082,425638.0,0.0,0.0
2025-06-13 11:35:00,9.994999885559082,10.020000457763672,9.979999542236328,9.994999885559082,423131.0,0.0,0.0
2025-06-13 11:40:00,9.989999771118164,10.0,9.970000267028809,9.989999771118164,345696.0,0.0,0.0
2025-06-13 11:45:00,9.994999885559082,10.0,9.899999618530273,9.90999984741211,652639.0,0.0,0.0
2025-06-13 11:50:00,9.90999984741211,9.930000305175781,9.899999618530273,9.925000190734863,418915.0,0.0,0.0
2025-06-13 11:55:00,9.895000457763672,9.899999618530273,9.850000381469727,9.89009952545166,591181.0,0.0,0.0
2025-06-13 12:00:00,9.895000457763672,9.899999618530273,9.850000381469727,9.860099792480469,479098.0,0.0,0.0
2025-06-13 12:05:00,9.866900444030762,9.875,9.850000381469727,9.854999542236328,275255.0,0.0,0.0
2025-06-13 12:10:00,9.853500366210938,9.930000305175781,9.850000381469727,9.899999618530273,505023.0,0.0,0.0
2025-06-13 12:15:00,9.899999618530273,9.9399995803833,9.880000114440918,9.914999961853027,425666.0,0.0,0.0
2025-06-13 12:20:00,9.920000076293945,9.928600311279297,9.890000343322754,9.895000457763672,485477.0,0.0,0.0
2025-06-13 12:25:00,9.895000457763672,9.90999984741211,9.890000343322754,9.895400047302246,337381.0,0.0,0.0
2025-06-13 12:30:00,9.890000343322754,9.90999984741211,9.859999656677246,9.874099731445312,407124.0,0.0,0.0
2025-06-13 12:35:00,9.870499610900879,9.899999618530273,9.869999885559082,9.870699882507324,363108.0,0.0,0.0
2025-06-13 12:40:00,9.875,9.875,9.800000190734863,9.8149995803833,538054.0,0.0,0.0
2025-06-13 12:45:00,9.8100004196167,9.815199851989746,9.75469970703125,9.755000114440918,346797.0,0.0,0.0
2025-06-13 12:50:00,9.759300231933594,9.8100004196167,9.729999542236328,9.805000305175781,588650.0,0.0,0.0
2025-06-13 12:55:00,9.801799774169922,9.819999694824219,9.770000457763672,9.78499984741211,483820.0,0.0,0.0
2025-06-13 13:00:00,9.78499984741211,9.800000190734863,9.770000457763672,9.774999618530273,261795.0,0.0,0.0
2025-06-13 13:05:00,9.778499603271484,9.779999732971191,9.710000038146973,9.734999656677246,513642.0,0.0,0.0
2025-06-13 13:10:00,9.738200187683105,9.738200187683105,9.680000305175781,9.699999809265137,438431.0,0.0,0.0
2025-06-13 13:15:00,9.694999694824219,9.699999809265137,9.65999984741211,9.680000305175781,356519.0,0.0,0.0
2025-06-13 13:20:00,9.694999694824219,9.729999542236328,9.680000305175781,9.6850004196167,464613.0,0.0,0.0
2025-06-13 13:25:00,9.6850004196167,9.688899993896484,9.65999984741211,9.664999961853027,228947.0,0.0,0.0
2025-06-13 13:30:00,9.670000076293945,9.734999656677246,9.670000076293945,9.721099853515625,249054.0,0.0,0.0
2025-06-13 13:35:00,9.728799819946289,9.75,9.72249984741211,9.744999885559082,232088.0,0.0,0.0
2025-06-13 13:40:00,9.75,9.75,9.72130012512207,9.744999885559082,252698.0,0.0,0.0
2025-06-13 13:45:00,9.747900009155273,9.749899864196777,9.6899995803833,9.694999694824219,171498.0,0.0,0.0
2025-06-13 13:50:00,9.694999694824219,9.71500015258789,9.65999984741211,9.670000076293945,357918.0,0.0,0.0
2025-06-13 13:55:00,9.664999961853027,9.694999694824219,9.649999618530273,9.694999694824219,228211.0,0.0,0.0
2025-06-13 14:00:00,9.695199966430664,9.729999542236328,9.641300201416016,9.654999732971191,364246.0,0.0,0.0
2025-06-13 14:05:00,9.654999732971191,9.675000190734863,9.614999771118164,9.637499809265137,282885.0,0.0,0.0
2025-06-13 14:10:00,9.635000228881836,9.656900405883789,9.612899780273438,9.614999771118164,310837.0,0.0,0.0
2025-06-13 14:15:00,9.616700172424316,9.629899978637695,9.59000015258789,9.600000381469727,438881.0,0.0,0.0
2025-06-13 14:20:00,9.600000381469727,9.63659954071045,9.59000015258789,9.625,280477.0,0.0,0.0
2025-06-13 14:25:00,9.619999885559082,9.625,9.5600004196167,9.577799797058105,462149.0,0.0,0.0
2025-06-13 14:30:00,9.574999809265137,9.586400032043457,9.520000457763672,9.545000076293945,366276.0,0.0,0.0
2025-06-13 14:35:00,9.54539966583252,9.555000305175781,9.5,9.515000343322754,275385.0,0.0,0.0
2025-06-13 14:40:00,9.515000343322754,9.529999732971191,9.5,9.520000457763672,286294.0,0.0,0.0
2025-06-13 14:45:00,9.529999732971191,9.579999923706055,9.529999732971191,9.541399955749512,547701.0,0.0,0.0
2025-06-13 14:50:00,9.545000076293945,9.625,9.539999961853027,9.625,330328.0,0.0,0.0
2025-06-13 14:55:00,9.619999885559082,9.648799896240234,9.609999656677246,9.648799896240234,573397.0,0.0,0.0
2025-06-13 15:00:00,9.640000343322754,9.680000305175781,9.630000114440918,9.675000190734863,604099.0,0.0,0.0
2025-06-13 15:05:00,9.674799919128418,9.716500282287598,9.649999618530273,9.710000038146973,557493.0,0.0,0.0
2025-06-13 15:10:00,9.71500015258789,9.770000457763672,9.71500015258789,9.741800308227539,298443.0,0.0,0.0
2025-06-13 15:15:00,9.75,9.765000343322754,9.720000267028809,9.720000267028809,262561.0,0.0,0.0
2025-06-13 15:20:00,9.720100402832031,9.75,9.6899995803833,9.6899995803833,352675.0,0.0,0.0
2025-06-13 15:25:00,9.6850004196167,9.694999694824219,9.675000190734863,9.6850004196167,258916.0,0.0,0.0
2025-06-13 15:30:00,9.6899995803833,9.75,9.6899995803833,9.69159984588623,419590.0,0.0,0.0
2025-06-13 15:35:00,9.694100379943848,9.774999618530273,9.6850004196167,9.774999618530273,582651.0,0.0,0.0
2025-06-13 15:40:00,9.779999732971191,9.779999732971191,9.720000267028809,9.721500396728516,262010.0,0.0,0.0
2025-06-13 15:45:00,9.725000381469727,9.739999771118164,9.6899995803833,9.734999656677246,472763.0,0.0,0.0
2025-06-13 15:50:00,9.734999656677246,9.739999771118164,9.699999809265137,9.725000381469727,578456.0,0.0,0.0
2025-06-13 15:55:00,9.720100402832031,9.75,9.699999809265137,9.720000267028809,852118.0,0.0,0.0
2025-06-16 09:30:00,9.869999885559082,9.920000076293945,9.770000457763672,9.824999809265137,1737827.0,0.0,0.0
2025-06-16 09:35:00,9.819999694824219,9.85990047454834,9.789999961853027,9.84000015258789,460317.0,0.0,0.0
2025-06-16 09:40:00,9.845000267028809,9.859999656677246,9.78339958190918,9.83899974822998,444125.0,0.0,0.0
2025-06-16 09:45:00,9.835000038146973,9.920000076293945,9.819999694824219,9.90999984741211,525943.0,0.0,0.0
2025-06-16 09:50:00,9.899999618530273,9.90999984741211,9.845000267028809,9.901399612426758,507652.0,0.0,0.0
2025-06-16 09:55:00,9.904999732971191,9.970000267028809,9.904999732971191,9.944999694824219,400662.0,0.0,0.0
2025-06-16 10:00:00,9.949999809265137,9.95989990234375,9.850000381469727,9.890000343322754,536829.0,0.0,0.0
2025-06-16 10:05:00,9.890000343322754,9.936800003051758,9.87090015411377,9.878800392150879,415039.0,0.0,0.0
2025-06-16 10:10:00,9.875,9.96500015258789,9.875,9.940999984741211,430774.0,0.0,0.0
2025-06-16 10:15:00,9.944999694824219,9.979999542236328,9.925000190734863,9.966899871826172,464822.0,0.0,0.0
2025-06-16 10:20:00,9.96500015258789,10.020000457763672,9.949999809265137,10.010000228881836,597877.0,0.0,0.0
2025-06-16 10:25:00,10.020000457763672,10.079999923706055,9.979999542236328,10.059900283813477,915750.0,0.0,0.0
2025-06-16 10:30:00,10.058899879455566,10.079999923706055,10.020000457763672,10.0649995803833,555596.0,0.0,0.0
2025-06-16 10:35:00,10.0649995803833,10.069999694824219,10.010000228881836,10.03499984741211,603425.0,0.0,0.0
2025-06-16 10:40:00,10.032600402832031,10.039999961853027,10.0,10.0,357260.0,0.0,0.0
2025-06-16 10:45:00,10.005399703979492,10.005399703979492,9.9399995803833,9.944999694824219,616713.0,0.0,0.0
2025-06-16 10:50:00,9.9399995803833,9.940999984741211,9.883099555969238,9.904999732971191,634466.0,0.0,0.0
2025-06-16 10:55:00,9.90999984741211,9.930000305175781,9.824999809265137,9.859999656677246,980942.0,0.0,0.0
2025-06-16 11:00:00,9.864999771118164,9.875,9.8100004196167,9.8100004196167,473594.0,0.0,0.0
2025-06-16 11:05:00,9.8149995803833,9.824999809265137,9.739999771118164,9.787699699401855,1266929.0,0.0,0.0
2025-06-16 11:10:00,9.789999961853027,9.850099563598633,9.760000228881836,9.850099563598633,691224.0,0.0,0.0
2025-06-16 11:15:00,9.859999656677246,9.869999885559082,9.80150032043457,9.808699607849121,335367.0,0.0,0.0
2025-06-16 11:20:00,9.806099891662598,9.829999923706055,9.779999732971191,9.800000190734863,428332.0,0.0,0.0
2025-06-16 11:25:00,9.8100004196167,9.838899612426758,9.800000190734863,9.819999694824219,385137.0,0.0,0.0
2025-06-16 11:30:00,9.824999809265137,9.854999542236328,9.805000305175781,9.814599990844727,354895.0,0.0,0.0
2025-06-16 11:35:00,9.8100004196167,9.817399978637695,9.779999732971191,9.78499984741211,219170.0,0.0,0.0
2025-06-16 11:40:00,9.78499984741211,9.829999923706055,9.78499984741211,9.8149995803833,270909.0,0.0,0.0
2025-06-16 11:45:00,9.8149995803833,9.835000038146973,9.805000305175781,9.82349967956543,456534.0,0.0,0.0
2025-06-16 11:50:00,9.825400352478027,9.829999923706055,9.800000190734863,9.805000305175781,155387.0,0.0,0.0
2025-06-16 11:55:00,9.789799690246582,9.789799690246582,9.731200218200684,9.734999656677246,632262.0,0.0,0.0
2025-06-16 12:00:00,9.734999656677246,9.760000228881836,9.720000267028809,9.75,330074.0,0.0,0.0
2025-06-16 12:05:00,9.765000343322754,9.76990032196045,9.720000267028809,9.725000381469727,339084.0,0.0,0.0
2025-06-16 12:10:00,9.729999542236328,9.76930046081543,9.720000267028809,9.755000114440918,335868.0,0.0,0.0
2025-06-16 12:15:00,9.755000114440918,9.760000228881836,9.739999771118164,9.750200271606445,454565.0,0.0,0.0
2025-06-16 12:20:00,9.758000373840332,9.819999694824219,9.755000114440918,9.819000244140625,514469.0,0.0,0.0
2025-06-16 12:25:00,9.8149995803833,9.829999923706055,9.800000190734863,9.8149995803833,285526.0,0.0,0.0
2025-06-16 12:30:00,9.8149995803833,9.850000381469727,9.8100004196167,9.845000267028809,278070.0,0.0,0.0
2025-06-16 12:35:00,9.845000267028809,9.920000076293945,9.84000015258789,9.864999771118164,921128.0,0.0,0.0
2025-06-16 12:40:00,9.865400314331055,9.867199897766113,9.84000015258789,9.840299606323242,627052.0,0.0,0.0
2025-06-16 12:45:00,9.840100288391113,9.850000381469727,9.8100004196167,9.8100004196167,446284.0,0.0,0.0
2025-06-16 12:50:00,9.8149995803833,9.869999885559082,9.8100004196167,9.844799995422363,746279.0,0.0,0.0
2025-06-16 12:55:00,9.840299606323242,9.850000381469727,9.805000305175781,9.824999809265137,289139.0,0.0,0.0
2025-06-16 13:00:00,9.824999809265137,9.835700035095215,9.779999732971191,9.8149995803833,682146.0,0.0,0.0
2025-06-16 13:05:00,9.8100004196167,9.819999694824219,9.789999961853027,9.8149995803833,284373.0,0.0,0.0
2025-06-16 13:10:00,9.8149995803833,9.850000381469727,9.8100004196167,9.844599723815918,218601.0,0.0,0.0
2025-06-16 13:15:00,9.845000267028809,9.869999885559082,9.829999923706055,9.867799758911133,439124.0,0.0,0.0
2025-06-16 13:20:00,9.869999885559082,9.892000198364258,9.859999656677246,9.88010025024414,420877.0,0.0,0.0
2025-06-16 13:25:00,9.880599975585938,9.95989990234375,9.88029956817627,9.954999923706055,281593.0,0.0,0.0
2025-06-16 13:30:00,9.949999809265137,9.989999771118164,9.9350004196167,9.960000038146973,1105013.0,0.0,0.0
2025-06-16 13:35:00,9.960800170898438,10.039899826049805,9.949999809265137,9.975000381469727,1143477.0,0.0,0.0
2025-06-16 13:40:00,9.970100402832031,9.999899864196777,9.930000305175781,9.931099891662598,999615.0,0.0,0.0
2025-06-16 13:45:00,9.930000305175781,9.949999809265137,9.890000343322754,9.904999732971191,693015.0,0.0,0.0
2025-06-16 13:50:00,9.904500007629395,9.919899940490723,9.890000343322754,9.90999984741211,520805.0,0.0,0.0
2025-06-16 13:55:00,9.904999732971191,9.949999809265137,9.890000343322754,9.944999694824219,396027.0,0.0,0.0
2025-06-16 14:00:00,9.949999809265137,9.970000267028809,9.9399995803833,9.954999923706055,596930.0,0.0,0.0
2025-06-16 14:05:00,9.95110034942627,9.957900047302246,9.920000076293945,9.95479965209961,425343.0,0.0,0.0
2025-06-16 14:10:00,9.950799942016602,10.010000228881836,9.940699577331543,10.002900123596191,671457.0,0.0,0.0
2025-06-16 14:15:00,10.006500244140625,10.050000190734863,10.0,10.023900032043457,622937.0,0.0,0.0
2025-06-16 14:20:00,10.020099639892578,10.029999732971191,9.979999542236328,10.024999618530273,694846.0,0.0,0.0
2025-06-16 14:25:00,10.026800155639648,10.039999961853027,10.010000228881836,10.039999961853027,468727.0,0.0,0.0
2025-06-16 14:30:00,10.032899856567383,10.039999961853027,10.0,10.0,460987.0,0.0,0.0
2025-06-16 14:35:00,10.010000228881836,10.015199661254883,9.989999771118164,10.00529956817627,258664.0,0.0,0.0
2025-06-16 14:40:00,10.00979995727539,10.119999885559082,10.0,10.113100051879883,949085.0,0.0,0.0
2025-06-16 14:45:00,10.114999771118164,10.114999771118164,10.0600004196167,10.060999870300293,858353.0,0.0,0.0
2025-06-16 14:50:00,10.0600004196167,10.09000015258789,10.039999961853027,10.074999809265137,792805.0,0.0,0.0
2025-06-16 14:55:00,10.071200370788574,10.079999923706055,10.050000190734863,10.055000305175781,542361.0,0.0,0.0
2025-06-16 15:00:00,10.051799774169922,10.0600004196167,10.045000076293945,10.050200462341309,273646.0,0.0,0.0
2025-06-16 15:05:00,10.055000305175781,10.06820011138916,10.029999732971191,10.0649995803833,344356.0,0.0,0.0
2025-06-16 15:10:00,10.069899559020996,10.130000114440918,10.050000190734863,10.109999656677246,767105.0,0.0,0.0
2025-06-16 15:15:00,10.119999885559082,10.170000076293945,10.104999542236328,10.145000457763672,777539.0,0.0,0.0
2025-06-16 15:20:00,10.140000343322754,10.210000038146973,10.130000114440918,10.164999961853027,1065639.0,0.0,0.0
2025-06-16 15:25:00,10.170000076293945,10.210000038146973,10.160099983215332,10.199999809265137,818105.0,0.0,0.0
2025-06-16 15:30:00,10.193099975585938,10.199999809265137,10.142000198364258,10.164999961853027,839451.0,0.0,0.0
2025-06-16 15:35:00,10.16759967803955,10.199999809265137,10.149999618530273,10.170000076293945,743242.0,0.0,0.0
2025-06-16 15:40:00,10.175000190734863,10.180000305175781,10.15999984741211,10.164999961853027,424578.0,0.0,0.0
2025-06-16 15:45:00,10.161800384521484,10.1899995803833,10.149999618530273,10.182299613952637,386072.0,0.0,0.0
2025-06-16 15:50:00,10.180000305175781,10.210000038146973,10.149999618530273,10.1850004196167,925901.0,0.0,0.0
2025-06-16 15:55:00,10.1850004196167,10.194999694824219,10.140000343322754,10.160200119018555,1229175.0,0.0,0.0
2025-06-17 09:30:00,10.0,10.050000190734863,9.770000457763672,9.8149995803833,1939026.0,0.0,0.0
2025-06-17 09:35:00,9.8149995803833,9.869999885559082,9.75,9.832200050354004,605339.0,0.0,0.0
2025-06-17 09:40:00,9.835000038146973,9.859999656677246,9.720000267028809,9.729900360107422,553328.0,0.0,0.0
2025-06-17 09:45:00,9.704999923706055,9.76990032196045,9.699999809265137,9.733599662780762,1043302.0,0.0,0.0
2025-06-17 09:50:00,9.729999542236328,9.734999656677246,9.65999984741211,9.669899940490723,510877.0,0.0,0.0
2025-06-17 09:55:00,9.6697998046875,9.710000038146973,9.649999618530273,9.704999923706055,691597.0,0.0,0.0
2025-06-17 10:00:00,9.704999923706055,9.734999656677246,9.680000305175781,9.697699546813965,395432.0,0.0,0.0
2025-06-17 10:05:00,9.699899673461914,9.779899597167969,9.6850004196167,9.774999618530273,588365.0,0.0,0.0
2025-06-17 10:10:00,9.779999732971191,9.829999923706055,9.770000457763672,9.805000305175781,537473.0,0.0,0.0
2025-06-17 10:15:00,9.800000190734863,9.854999542236328,9.800000190734863,9.8100004196167,385526.0,0.0,0.0
2025-06-17 10:20:00,9.8149995803833,9.869999885559082,9.8100004196167,9.835000038146973,500371.0,0.0,0.0
2025-06-17 10:25:00,9.835000038146973,9.84000015258789,9.79069995880127,9.8149995803833,509546.0,0.0,0.0
2025-06-17 10:30:00,9.819999694824219,9.84000015258789,9.779999732971191,9.800000190734863,519840.0,0.0,0.0
2025-06-17 10:35:00,9.8100004196167,9.8149995803833,9.770000457763672,9.779999732971191,311860.0,0.0,0.0
2025-06-17 10:40:00,9.770099639892578,9.789999961853027,9.739999771118164,9.744999885559082,485918.0,0.0,0.0
2025-06-17 10:45:00,9.75,9.769000053405762,9.729999542236328,9.744999885559082,372210.0,0.0,0.0
2025-06-17 10:50:00,9.749899864196777,9.776700019836426,9.729999542236328,9.755000114440918,326691.0,0.0,0.0
2025-06-17 10:55:00,9.751799583435059,9.765000343322754,9.699999809265137,9.699999809265137,387918.0,0.0,0.0
2025-06-17 11:00:00,9.70009994506836,9.725000381469727,9.649999618530273,9.657899856567383,663036.0,0.0,0.0
2025-06-17 11:05:00,9.65999984741211,9.699999809265137,9.649999618530273,9.664999961853027,464956.0,0.0,0.0
2025-06-17 11:10:00,9.662699699401855,9.710000038146973,9.65999984741211,9.670000076293945,381049.0,0.0,0.0
2025-06-17 11:15:00,9.678600311279297,9.678600311279297,9.619999885559082,9.620699882507324,629258.0,0.0,0.0
2025-06-17 11:20:00,9.619999885559082,9.649999618530273,9.59000015258789,9.619999885559082,656208.0,0.0,0.0
2025-06-17 11:25:00,9.610099792480469,9.640000343322754,9.579999923706055,9.595000267028809,576147.0,0.0,0.0
2025-06-17 11:30:00,9.59000015258789,9.626199722290039,9.59000015258789,9.610099792480469,447948.0,0.0,0.0
2025-06-17 11:35:00,9.614999771118164,9.65999984741211,9.600000381469727,9.63070011138916,505017.0,0.0,0.0
2025-06-17 11:40:00,9.630000114440918,9.649999618530273,9.619999885559082,9.635000228881836,428637.0,0.0,0.0
2025-06-17 11:45:00,9.638799667358398,9.640000343322754,9.579999923706055,9.58899974822998,475649.0,0.0,0.0
2025-06-17 11:50:00,9.585000038146973,9.619999885559082,9.579999923706055,9.600000381469727,483909.0,0.0,0.0
2025-06-17 11:55:00,9.605400085449219,9.615400314331055,9.59000015258789,9.604999542236328,287957.0,0.0,0.0
2025-06-17 12:00:00,9.609999656677246,9.640000343322754,9.609999656677246,9.635000228881836,358276.0,0.0,0.0
2025-06-17 12:05:00,9.635000228881836,9.649999618530273,9.609999656677246,9.614999771118164,271824.0,0.0,0.0
2025-06-17 12:10:00,9.614999771118164,9.640000343322754,9.614999771118164,9.635000228881836,254906.0,0.0,0.0
2025-06-17 12:15:00,9.635000228881836,9.640000343322754,9.609999656677246,9.631699562072754,205284.0,0.0,0.0
2025-06-17 12:20:00,9.635000228881836,9.640000343322754,9.609999656677246,9.610699653625488,446374.0,0.0,0.0
2025-06-17 12:25:00,9.614999771118164,9.654999732971191,9.609999656677246,9.627400398254395,822869.0,0.0,0.0
2025-06-17 12:30:00,9.628000259399414,9.640000343322754,9.609999656677246,9.625,349439.0,0.0,0.0
2025-06-17 12:35:00,9.625,9.640000343322754,9.600700378417969,9.600700378417969,350058.0,0.0,0.0
2025-06-17 12:40:00,9.604999542236328,9.604999542236328,9.529999732971191,9.532699584960938,401600.0,0.0,0.0
2025-06-17 12:45:00,9.53499984741211,9.5600004196167,9.510000228881836,9.527299880981445,572807.0,0.0,0.0
2025-06-17 12:50:00,9.529999732971191,9.558799743652344,9.510000228881836,9.545000076293945,537337.0,0.0,0.0
2025-06-17 12:55:00,9.545000076293945,9.55780029296875,9.529999732971191,9.555000305175781,256982.0,0.0,0.0
2025-06-17 13:00:00,9.555000305175781,9.5600004196167,9.520000457763672,9.53499984741211,483492.0,0.0,0.0
2025-06-17 13:05:00,9.531000137329102,9.600000381469727,9.510000228881836,9.590700149536133,529074.0,0.0,0.0
2025-06-17 13:10:00,9.595000267028809,9.619999885559082,9.579999923706055,9.614999771118164,314008.0,0.0,0.0
2025-06-17 13:15:00,9.614999771118164,9.619999885559082,9.569999694824219,9.574999809265137,232713.0,0.0,0.0
2025-06-17 13:20:00,9.576899528503418,9.595000267028809,9.5600004196167,9.569999694824219,327299.0,0.0,0.0
2025-06-17 13:25:00,9.5649995803833,9.579700469970703,9.5600004196167,9.569999694824219,215649.0,0.0,0.0
2025-06-17 13:30:00,9.5649995803833,9.595000267028809,9.555000305175781,9.5649995803833,364195.0,0.0,0.0
2025-06-17 13:35:00,9.565999984741211,9.569999694824219,9.529999732971191,9.53499984741211,159126.0,0.0,0.0
2025-06-17 13:40:00,9.545000076293945,9.5600004196167,9.520000457763672,9.52970027923584,358000.0,0.0,0.0
2025-06-17 13:45:00,9.524999618530273,9.539999961853027,9.460000038146973,9.475000381469727,672206.0,0.0,0.0
2025-06-17 13:50:00,9.470000267028809,9.470000267028809,9.4350004196167,9.444999694824219,526318.0,0.0,0.0
2025-06-17 13:55:00,9.440099716186523,9.479999542236328,9.4399995803833,9.460000038146973,461818.0,0.0,0.0
2025-06-17 14:00:00,9.454999923706055,9.5,9.425000190734863,9.479999542236328,725916.0,0.0,0.0
2025-06-17 14:05:00,9.489999771118164,9.520000457763672,9.470000267028809,9.490500450134277,340921.0,0.0,0.0
2025-06-17 14:10:00,9.494999885559082,9.5,9.470000267028809,9.475000381469727,330960.0,0.0,0.0
2025-06-17 14:15:00,9.475000381469727,9.479999542236328,9.40999984741211,9.414999961853027,342435.0,0.0,0.0
2025-06-17 14:20:00,9.414999961853027,9.430000305175781,9.399999618530273,9.40999984741211,334121.0,0.0,0.0
2025-06-17 14:25:00,9.414999961853027,9.420000076293945,9.359999656677246,9.380000114440918,478024.0,0.0,0.0
2025-06-17 14:30:00,9.385000228881836,9.449999809265137,9.380000114440918,9.4350004196167,661184.0,0.0,0.0
2025-06-17 14:35:00,9.430100440979004,9.460000038146973,9.430000305175781,9.444999694824219,457643.0,0.0,0.0
2025-06-17 14:40:00,9.444999694824219,9.470000267028809,9.430000305175781,9.46500015258789,549474.0,0.0,0.0
2025-06-17 14:45:00,9.46500015258789,9.489999771118164,9.46500015258789,9.475000381469727,421696.0,0.0,0.0
2025-06-17 14:50:00,9.475000381469727,9.489999771118164,9.460000038146973,9.484999656677246,404420.0,0.0,0.0
2025-06-17 14:55:00,9.489999771118164,9.529999732971191,9.479999542236328,9.505000114440918,774732.0,0.0,0.0
2025-06-17 15:00:00,9.50790023803711,9.550000190734863,9.5,9.53499984741211,641562.0,0.0,0.0
2025-06-17 15:05:00,9.53499984741211,9.579899787902832,9.520299911499023,9.574999809265137,590946.0,0.0,0.0
2025-06-17 15:10:00,9.569999694824219,9.599900245666504,9.5600004196167,9.585000038146973,641180.0,0.0,0.0
2025-06-17 15:15:00,9.587400436401367,9.630000114440918,9.579999923706055,9.614999771118164,807529.0,0.0,0.0
2025-06-17 15:20:00,9.615099906921387,9.670000076293945,9.614999771118164,9.65999984741211,801525.0,0.0,0.0
2025-06-17 15:25:00,9.664999961853027,9.670000076293945,9.621199607849121,9.625,622233.0,0.0,0.0
2025-06-17 15:30:00,9.630000114440918,9.640000343322754,9.579999923706055,9.630000114440918,888909.0,0.0,0.0
2025-06-17 15:35:00,9.630000114440918,9.640000343322754,9.619999885559082,9.621600151062012,481420.0,0.0,0.0
2025-06-17 15:40:00,9.619999885559082,9.65999984741211,9.614999771118164,9.654999732971191,631344.0,0.0,0.0
2025-06-17 15:45:00,9.654999732971191,9.65999984741211,9.640000343322754,9.654999732971191,337373.0,0.0,0.0
2025-06-17 15:50:00,9.649999618530273,9.680000305175781,9.640000343322754,9.645000457763672,905672.0,0.0,0.0
2025-06-17 15:55:00,9.640000343322754,9.670000076293945,9.640000343322754,9.654999732971191,1082871.0,0.0,0.0
2025-06-18 09:30:00,9.579999923706055,9.608799934387207,9.460000038146973,9.524999618530273,1443160.0,0.0,0.0
2025-06-18 09:35:00,9.524999618530273,9.619999885559082,9.524999618530273,9.569999694824219,696323.0,0.0,0.0
2025-06-18 09:40:00,9.580100059509277,9.630000114440918,9.569999694824219,9.585000038146973,485501.0,0.0,0.0
2025-06-18 09:45:00,9.59000015258789,9.600000381469727,9.539999961853027,9.562199592590332,332116.0,0.0,0.0
2025-06-18 09:50:00,9.560099601745605,9.619999885559082,9.550000190734863,9.5600004196167,381730.0,0.0,0.0
2025-06-18 09:55:00,9.5600004196167,9.61989974975586,9.5600004196167,9.59000015258789,622051.0,0.0,0.0
2025-06-18 10:00:00,9.585000038146973,9.680000305175781,9.520000457763672,9.645000457763672,764975.0,0.0,0.0
2025-06-18 10:05:00,9.645000457763672,9.670000076293945,9.600000381469727,9.664799690246582,517146.0,0.0,0.0
2025-06-18 10:10:00,9.640000343322754,9.6850004196167,9.630000114440918,9.675000190734863,435001.0,0.0,0.0
2025-06-18 10:15:00,9.680000305175781,9.680000305175781,9.635000228881836,9.676799774169922,438996.0,0.0,0.0
2025-06-18 10:20:00,9.670000076293945,9.6899995803833,9.649999618530273,9.680000305175781,502812.0,0.0,0.0
2025-06-18 10:25:00,9.678799629211426,9.6899995803833,9.649999618530273,9.664999961853027,386552.0,0.0,0.0
2025-06-18 10:30:00,9.65999984741211,9.667499542236328,9.630000114440918,9.635000228881836,361010.0,0.0,0.0
2025-06-18 10:35:00,9.63010025024414,9.694600105285645,9.619999885559082,9.670000076293945,300383.0,0.0,0.0
2025-06-18 10:40:00,9.664999961853027,9.694999694824219,9.649999618530273,9.690099716186523,208111.0,0.0,0.0
2025-06-18 10:45:00,9.690099716186523,9.70989990234375,9.640000343322754,9.64009952545166,437511.0,0.0,0.0
2025-06-18 10:50:00,9.64009952545166,9.65999984741211,9.609999656677246,9.63010025024414,423617.0,0.0,0.0
2025-06-18 10:55:00,9.634099960327148,9.635000228881836,9.579999923706055,9.609000205993652,680924.0,0.0,0.0
2025-06-18 11:00:00,9.60990047454834,9.619999885559082,9.579999923706055,9.609999656677246,472098.0,0.0,0.0
2025-06-18 11:05:00,9.614999771118164,9.619999885559082,9.59000015258789,9.59000015258789,232393.0,0.0,0.0
2025-06-18 11:10:00,9.614999771118164,9.614999771118164,9.59000015258789,9.604999542236328,369199.0,0.0,0.0
2025-06-18 11:15:00,9.604999542236328,9.604999542236328,9.579999923706055,9.579999923706055,239580.0,0.0,0.0
2025-06-18 11:20:00,9.595000267028809,9.630000114440918,9.579999923706055,9.625,688662.0,0.0,0.0
2025-06-18 11:25:00,9.635000228881836,9.675000190734863,9.630000114440918,9.675000190734863,509577.0,0.0,0.0
2025-06-18 11:30:00,9.664999961853027,9.680000305175781,9.630000114440918,9.675000190734863,573321.0,0.0,0.0
2025-06-18 11:35:00,9.725199699401855,9.779999732971191,9.720000267028809,9.779999732971191,835571.0,0.0,0.0
2025-06-18 11:40:00,9.734999656677246,9.770000457763672,9.720000267028809,9.739999771118164,879916.0,0.0,0.0
2025-06-18 11:45:00,9.795000076293945,9.815400123596191,9.785200119018555,9.8149995803833,1032739.0,0.0,0.0
2025-06-18 11:50:00,9.8149995803833,9.845000267028809,9.773500442504883,9.84000015258789,922019.0,0.0,0.0
2025-06-18 11:55:00,9.845000267028809,9.875,9.819999694824219,9.854999542236328,1347390.0,0.0,0.0
2025-06-18 12:00:00,9.854999542236328,9.885000228881836,9.835000038146973,9.845000267028809,827508.0,0.0,0.0
2025-06-18 12:05:00,9.848799705505371,9.859999656677246,9.800000190734863,9.850000381469727,782344.0,0.0,0.0
2025-06-18 12:10:00,9.854999542236328,9.90999984741211,9.850000381469727,9.895000457763672,826487.0,0.0,0.0
2025-06-18 12:15:00,9.895000457763672,9.90999984741211,9.869999885559082,9.904800415039062,519973.0,0.0,0.0
2025-06-18 12:20:00,9.904999732971191,9.9399995803833,9.899999618530273,9.921799659729004,519135.0,0.0,0.0
2025-06-18 12:25:00,9.922100067138672,9.979999542236328,9.920000076293945,9.920700073242188,992578.0,0.0,0.0
2025-06-18 12:30:00,9.925000190734863,10.020000457763672,9.920000076293945,9.989999771118164,1148814.0,0.0,0.0
2025-06-18 12:35:00,9.994999885559082,10.010000228881836,9.90999984741211,9.946499824523926,1394434.0,0.0,0.0
2025-06-18 12:40:00,9.946999549865723,9.95680046081543,9.890000343322754,9.941200256347656,532039.0,0.0,0.0
2025-06-18 12:45:00,9.9399995803833,9.949999809265137,9.850000381469727,9.85569953918457,701929.0,0.0,0.0
2025-06-18 12:50:00,9.850000381469727,9.888899803161621,9.819999694824219,9.850000381469727,492447.0,0.0,0.0
2025-06-18 12:55:00,9.854999542236328,9.869999885559082,9.819999694824219,9.835000038146973,589996.0,0.0,0.0
2025-06-18 13:00:00,9.829999923706055,9.84000015258789,9.800000190734863,9.800000190734863,456036.0,0.0,0.0
2025-06-18 13:05:00,9.800100326538086,9.869999885559082,9.800000190734863,9.854999542236328,477155.0,0.0,0.0
2025-06-18 13:10:00,9.854999542236328,9.855199813842773,9.8100004196167,9.835000038146973,365866.0,0.0,0.0
2025-06-18 13:15:00,9.835000038146973,9.867500305175781,9.824999809265137,9.854999542236328,593655.0,0.0,0.0
2025-06-18 13:20:00,9.84850025177002,9.854999542236328,9.8100004196167,9.819700241088867,508139.0,0.0,0.0
2025-06-18 13:25:00,9.81149959564209,9.816499710083008,9.770000457763672,9.795000076293945,448681.0,0.0,0.0
2025-06-18 13:30:00,9.789999961853027,9.825200080871582,9.760000228881836,9.774999618530273,623278.0,0.0,0.0
2025-06-18 13:35:00,9.774800300598145,9.8100004196167,9.760000228881836,9.805000305175781,474569.0,0.0,0.0
2025-06-18 13:40:00,9.808500289916992,9.84000015258789,9.789999961853027,9.8100004196167,369375.0,0.0,0.0
2025-06-18 13:45:00,9.8149995803833,9.845000267028809,9.800000190734863,9.834099769592285,504684.0,0.0,0.0
2025-06-18 13:50:00,9.829999923706055,9.869999885559082,9.829999923706055,9.866999626159668,200699.0,0.0,0.0
2025-06-18 13:55:00,9.864999771118164,9.919899940490723,9.862099647521973,9.880000114440918,662788.0,0.0,0.0
2025-06-18 14:00:00,9.872300148010254,9.989999771118164,9.872300148010254,9.904999732971191,1045778.0,0.0,0.0
2025-06-18 14:05:00,9.904999732971191,9.954999923706055,9.890000343322754,9.899999618530273,459385.0,0.0,0.0
2025-06-18 14:10:00,9.899999618530273,9.92959976196289,9.880000114440918,9.925000190734863,388402.0,0.0,0.0
2025-06-18 14:15:00,9.930000305175781,9.930000305175781,9.899999618530273,9.904999732971191,317683.0,0.0,0.0
2025-06-18 14:20:00,9.904999732971191,9.920000076293945,9.869999885559082,9.885000228881836,457950.0,0.0,0.0
2025-06-18 14:25:00,9.885199546813965,9.920000076293945,9.880000114440918,9.895000457763672,353160.0,0.0,0.0
2025-06-18 14:30:00,9.895000457763672,9.960000038146973,9.880999565124512,9.944999694824219,529766.0,0.0,0.0
2025-06-18 14:35:00,9.9399995803833,9.979999542236328,9.920000076293945,9.954999923706055,771514.0,0.0,0.0
2025-06-18 14:40:00,9.954999923706055,10.020000457763672,9.930000305175781,9.991299629211426,873975.0,0.0,0.0
2025-06-18 14:45:00,9.990099906921387,10.0600004196167,9.975000381469727,10.020000457763672,1011679.0,0.0,0.0
2025-06-18 14:50:00,10.020099639892578,10.020099639892578,9.90999984741211,9.925000190734863,678057.0,0.0,0.0
2025-06-18 14:55:00,9.920999526977539,9.925000190734863,9.819999694824219,9.854999542236328,978247.0,0.0,0.0
2025-06-18 15:00:00,9.850000381469727,9.920000076293945,9.819999694824219,9.90999984741211,713808.0,0.0,0.0
2025-06-18 15:05:00,9.920000076293945,9.9399995803833,9.880000114440918,9.904999732971191,476196.0,0.0,0.0
2025-06-18 15:10:00,9.90999984741211,9.970000267028809,9.89009952545166,9.960000038146973,516092.0,0.0,0.0
2025-06-18 15:15:00,9.96500015258789,9.985400199890137,9.949999809265137,9.969900131225586,397323.0,0.0,0.0
2025-06-18 15:20:00,9.96500015258789,10.020000457763672,9.960000038146973,9.994999885559082,508421.0,0.0,0.0
2025-06-18 15:25:00,9.989999771118164,10.010000228881836,9.949999809265137,9.96500015258789,507450.0,0.0,0.0
2025-06-18 15:30:00,9.96500015258789,10.0,9.949999809265137,9.979000091552734,962854.0,0.0,0.0
2025-06-18 15:35:00,9.970100402832031,10.050000190734863,9.970000267028809,10.045499801635742,596936.0,0.0,0.0
2025-06-18 15:40:00,10.04069995880127,10.050000190734863,10.015000343322754,10.030200004577637,615942.0,0.0,0.0
2025-06-18 15:45:00,10.034799575805664,10.039999961853027,10.020000457763672,10.024999618530273,332786.0,0.0,0.0
2025-06-18 15:50:00,10.020000457763672,10.039999961853027,9.979999542236328,9.994799613952637,768407.0,0.0,0.0
2025-06-18 15:55:00,10.0,10.010000228881836,9.920000076293945,9.920000076293945,1382461.0,0.0,0.0
2025-06-20 09:30:00,10.09000015258789,10.139900207519531,9.920000076293945,9.96500015258789,2237688.0,0.0,0.0
2025-06-20 09:35:00,9.96619987487793,10.01990032196045,9.851300239562988,9.975000381469727,834476.0,0.0,0.0
2025-06-20 09:40:00,9.975000381469727,10.005000114440918,9.910599708557129,9.95009994506836,426519.0,0.0,0.0
2025-06-20 09:45:00,9.95009994506836,9.97249984741211,9.869999885559082,9.88479995727539,382319.0,0.0,0.0
2025-06-20 09:50:00,9.885000228881836,9.899999618530273,9.819999694824219,9.850000381469727,484930.0,0.0,0.0
2025-06-20 09:55:00,9.859999656677246,9.875,9.819999694824219,9.854999542236328,303929.0,0.0,0.0
2025-06-20 10:00:00,9.854999542236328,9.869999885559082,9.8100004196167,9.819999694824219,332953.0,0.0,0.0
2025-06-20 10:05:00,9.824999809265137,9.850000381469727,9.800000190734863,9.805000305175781,457189.0,0.0,0.0
2025-06-20 10:10:00,9.800000190734863,9.824999809265137,9.760000228881836,9.8100004196167,575306.0,0.0,0.0
2025-06-20 10:15:00,9.819000244140625,9.88010025024414,9.8100004196167,9.861499786376953,492611.0,0.0,0.0
2025-06-20 10:20:00,9.864999771118164,9.899999618530273,9.819999694824219,9.819999694824219,323424.0,0.0,0.0
2025-06-20 10:25:00,9.819999694824219,9.890000343322754,9.80090045928955,9.860899925231934,353205.0,0.0,0.0
2025-06-20 10:30:00,9.859999656677246,9.90999984741211,9.835000038146973,9.885000228881836,485882.0,0.0,0.0
2025-06-20 10:35:00,9.889900207519531,9.949999809265137,9.869999885559082,9.920000076293945,280422.0,0.0,0.0
2025-06-20 10:40:00,9.920000076293945,9.920000076293945,9.819999694824219,9.835000038146973,378634.0,0.0,0.0
2025-06-20 10:45:00,9.834799766540527,9.834799766540527,9.760100364685059,9.760100364685059,570681.0,0.0,0.0
2025-06-20 10:50:00,9.760000228881836,9.779999732971191,9.699999809265137,9.71500015258789,601992.0,0.0,0.0
2025-06-20 10:55:00,9.713199615478516,9.760000228881836,9.710000038146973,9.741000175476074,399660.0,0.0,0.0
2025-06-20 11:00:00,9.739999771118164,9.744999885559082,9.699999809265137,9.726499557495117,419887.0,0.0,0.0
2025-06-20 11:05:00,9.725199699401855,9.789999961853027,9.720000267028809,9.760000228881836,258222.0,0.0,0.0
2025-06-20 11:10:00,9.765000343322754,9.859999656677246,9.760000228881836,9.835000038146973,370247.0,0.0,0.0
2025-06-20 11:15:00,9.831299781799316,9.845000267028809,9.8100004196167,9.8100004196167,319445.0,0.0,0.0
2025-06-20 11:20:00,9.7947998046875,9.805000305175781,9.779999732971191,9.779999732971191,483362.0,0.0,0.0
2025-06-20 11:25:00,9.78499984741211,9.798199653625488,9.760000228881836,9.789999961853027,471529.0,0.0,0.0
2025-06-20 11:30:00,9.78499984741211,9.805000305175781,9.779999732971191,9.79520034790039,296766.0,0.0,0.0
2025-06-20 11:35:00,9.789999961853027,9.829999923706055,9.770000457763672,9.821499824523926,343935.0,0.0,0.0
2025-06-20 11:40:00,9.819999694824219,9.850000381469727,9.8100004196167,9.824999809265137,295807.0,0.0,0.0
2025-06-20 11:45:00,9.829999923706055,9.845199584960938,9.829999923706055,9.830100059509277,271670.0,0.0,0.0
2025-06-20 11:50:00,9.821000099182129,9.839900016784668,9.789999961853027,9.79520034790039,198108.0,0.0,0.0
2025-06-20 11:55:00,9.791000366210938,9.800000190734863,9.770000457763672,9.780400276184082,294684.0,0.0,0.0
2025-06-20 12:00:00,9.779999732971191,9.79520034790039,9.770000457763672,9.774999618530273,135515.0,0.0,0.0
2025-06-20 12:05:00,9.770000457763672,9.78499984741211,9.75,9.765000343322754,97516.0,0.0,0.0
2025-06-20 12:10:00,9.765000343322754,9.800000190734863,9.760000228881836,9.77079963684082,159060.0,0.0,0.0
2025-06-20 12:15:00,9.774999618530273,9.774999618530273,9.75,9.763500213623047,182163.0,0.0,0.0
2025-06-20 12:20:00,9.760600090026855,9.765199661254883,9.720000267028809,9.729999542236328,228452.0,0.0,0.0
2025-06-20 12:25:00,9.734999656677246,9.734999656677246,9.680000305175781,9.71500015258789,488987.0,0.0,0.0
2025-06-20 12:30:00,9.71500015258789,9.739999771118164,9.699999809265137,9.72350025177002,220387.0,0.0,0.0
2025-06-20 12:35:00,9.729999542236328,9.75,9.710000038146973,9.720000267028809,159460.0,0.0,0.0
2025-06-20 12:40:00,9.711700439453125,9.720000267028809,9.699999809265137,9.70989990234375,132230.0,0.0,0.0
2025-06-20 12:45:00,9.70989990234375,9.720000267028809,9.6899995803833,9.699999809265137,207833.0,0.0,0.0
2025-06-20 12:50:00,9.6899995803833,9.710000038146973,9.670000076293945,9.680000305175781,254568.0,0.0,0.0
2025-06-20 12:55:00,9.685400009155273,9.694999694824219,9.59000015258789,9.603500366210938,470826.0,0.0,0.0
2025-06-20 13:00:00,9.604999542236328,9.640000343322754,9.59000015258789,9.625,468606.0,0.0,0.0
2025-06-20 13:05:00,9.629899978637695,9.649999618530273,9.609999656677246,9.640000343322754,399920.0,0.0,0.0
2025-06-20 13:10:00,9.64009952545166,9.65999984741211,9.619999885559082,9.625,324070.0,0.0,0.0
2025-06-20 13:15:00,9.625,9.640000343322754,9.600000381469727,9.604999542236328,285251.0,0.0,0.0
2025-06-20 13:20:00,9.604999542236328,9.609999656677246,9.529999732971191,9.535300254821777,438702.0,0.0,0.0
2025-06-20 13:25:00,9.53499984741211,9.5600004196167,9.5,9.5,654165.0,0.0,0.0
2025-06-20 13:30:00,9.505000114440918,9.5600004196167,9.5,9.53499984741211,548396.0,0.0,0.0
2025-06-20 13:35:00,9.530099868774414,9.557000160217285,9.5,9.513899803161621,380597.0,0.0,0.0
2025-06-20 13:40:00,9.515000343322754,9.579999923706055,9.510000228881836,9.555000305175781,409089.0,0.0,0.0
2025-06-20 13:45:00,9.550000190734863,9.569999694824219,9.520000457763672,9.555000305175781,297873.0,0.0,0.0
2025-06-20 13:50:00,9.55519962310791,9.5600004196167,9.510000228881836,9.520000457763672,372796.0,0.0,0.0
2025-06-20 13:55:00,9.52929973602295,9.559900283813477,9.524999618530273,9.555000305175781,253241.0,0.0,0.0
2025-06-20 14:00:00,9.556099891662598,9.5600004196167,9.539999961853027,9.545000076293945,259094.0,0.0,0.0
2025-06-20 14:05:00,9.545000076293945,9.555000305175781,9.520000457763672,9.529999732971191,239551.0,0.0,0.0
2025-06-20 14:10:00,9.537599563598633,9.579999923706055,9.53499984741211,9.574999809265137,294737.0,0.0,0.0
2025-06-20 14:15:00,9.574799537658691,9.635199546813965,9.569999694824219,9.635199546813965,285245.0,0.0,0.0
2025-06-20 14:20:00,9.637999534606934,9.640000343322754,9.609999656677246,9.635000228881836,396993.0,0.0,0.0
2025-06-20 14:25:00,9.635000228881836,9.65880012512207,9.619999885559082,9.654800415039062,166487.0,0.0,0.0
2025-06-20 14:30:00,9.658900260925293,9.65999984741211,9.622699737548828,9.640000343322754,314294.0,0.0,0.0
2025-06-20 14:35:00,9.645500183105469,9.65820026397705,9.630000114440918,9.630000114440918,286465.0,0.0,0.0
2025-06-20 14:40:00,9.630999565124512,9.664999961853027,9.630000114440918,9.654999732971191,247995.0,0.0,0.0
2025-06-20 14:45:00,9.652700424194336,9.65999984741211,9.59000015258789,9.595199584960938,274067.0,0.0,0.0
2025-06-20 14:50:00,9.595000267028809,9.611000061035156,9.579999923706055,9.600000381469727,327520.0,0.0,0.0
2025-06-20 14:55:00,9.59000015258789,9.600000381469727,9.550000190734863,9.555399894714355,227146.0,0.0,0.0
2025-06-20 15:00:00,9.555000305175781,9.575200080871582,9.539999961853027,9.554800033569336,359778.0,0.0,0.0
2025-06-20 15:05:00,9.555000305175781,9.579899787902832,9.539999961853027,9.563599586486816,366166.0,0.0,0.0
2025-06-20 15:10:00,9.569999694824219,9.59000015258789,9.569999694824219,9.585000038146973,184564.0,0.0,0.0
2025-06-20 15:15:00,9.585000038146973,9.600000381469727,9.579999923706055,9.589699745178223,185090.0,0.0,0.0
2025-06-20 15:20:00,9.588800430297852,9.595000267028809,9.569999694824219,9.582900047302246,180598.0,0.0,0.0
2025-06-20 15:25:00,9.585000038146973,9.595000267028809,9.5600004196167,9.56659984588623,244354.0,0.0,0.0
2025-06-20 15:30:00,9.5649995803833,9.574999809265137,9.5600004196167,9.5649995803833,165543.0,0.0,0.0
2025-06-20 15:35:00,9.5649995803833,9.569999694824219,9.510000228881836,9.520000457763672,360071.0,0.0,0.0
2025-06-20 15:40:00,9.524999618530273,9.550000190734863,9.524999618530273,9.550000190734863,285555.0,0.0,0.0
2025-06-20 15:45:00,9.546500205993652,9.546500205993652,9.510000228881836,9.510100364685059,300958.0,0.0,0.0
2025-06-20 15:50:00,9.515000343322754,9.568599700927734,9.479999542236328,9.545000076293945,1322678.0,0.0,0.0
2025-06-20 15:55:00,9.545000076293945,9.579999923706055,9.520000457763672,9.555000305175781,1570880.0,0.0,0.0
